{"_default": {"1": {"id": "66c7c82a8ce9ef0fd008a23e", "name": "Earth", "shape": "Sphere", "mass": 5.972e+24, "radius": 6371, "color": "0x555555", "position": {"x": 0, "y": 0, "z": 0}, "velocity": {"x": 0, "y": 0, "z": 0}, "angularVelocity": {"x": 0.0, "y": 2.9832046146900003e-05, "z": 6.65405575875e-05}, "parent": ""}, "2": {"id": "66c7c82a8ce9ef0fd008a23f", "name": "Moon", "shape": "Sphere", "mass": 7.347e+22, "radius": 1737, "color": "0x555555", "position": {"x": 384000, "y": 0, "z": 0}, "velocity": {"x": 0, "y": 1.022, "z": 0}, "angularVelocity": {"x": 0, "y": 0, "z": 2.6617e-06}, "parent": "66c7c82a8ce9ef0fd008a23e"}, "11": {"name": "Item", "radius": 100, "mass": 1, "color": "#00ff00", "position": {"x": 2260.3543154839513, "y": 1255.7523974910837, "z": 5801.16799976573}, "velocity": {"x": 0, "y": 0, "z": 0}, "angularVelocity": {"x": 0, "y": 0, "z": 0}, "id": "1727424618711129672", "parent": "66c7c82a8ce9ef0fd008a23e", "attached": true}, "12": {"name": "Item", "radius": 100, "mass": 1, "color": "#00ff00", "position": {"x": -2270.670935895908, "y": -2368.862111502218, "z": 5427.959269864163}, "velocity": {"x": 0, "y": 0, "z": 0}, "angularVelocity": {"x": 0, "y": 0, "z": 0}, "id": "1727424620903927028", "parent": "66c7c82a8ce9ef0fd008a23e", "attached": true}, "13": {"name": "Item", "radius": 100, "mass": 1, "color": "#00ff00", "position": {"x": 2335.1359224127414, "y": -2532.819386743978, "z": 5331.413560731198}, "velocity": {"x": 0, "y": 0, "z": 0}, "angularVelocity": {"x": 0, "y": 0, "z": 0}, "id": "1727424629191264561", "parent": "66c7c82a8ce9ef0fd008a23e", "attached": true}, "14": {"name": "Item", "radius": 100, "mass": 1, "color": "#00ff00", "position": {"x": -1130.338149530698, "y": 897.2787372563266, "z": 6165.146807813881}, "velocity": {"x": 0, "y": 0, "z": 0}, "angularVelocity": {"x": 0, "y": 0, "z": 0}, "id": "1727424629425988458", "parent": "66c7c82a8ce9ef0fd008a23e", "attached": true}, "15": {"name": "Item", "radius": 100, "mass": 1, "color": "#00ff00", "position": {"x": -2292.664427343331, "y": 59.39545148557812, "z": 5896.688855986498}, "velocity": {"x": 0, "y": 0, "z": 0}, "angularVelocity": {"x": 0, "y": 0, "z": 0}, "id": "1727424629894537629", "parent": "66c7c82a8ce9ef0fd008a23e", "attached": true}, "16": {"name": "Item", "radius": 100, "mass": 1, "color": "#00ff00", "position": {"x": -401.01305180913766, "y": 3001.521933238089, "z": 5572.786067103185}, "velocity": {"x": 0, "y": 0, "z": 0}, "angularVelocity": {"x": 0, "y": 0, "z": 0}, "id": "1727424630425425881", "parent": "66c7c82a8ce9ef0fd008a23e", "attached": true}, "17": {"name": "Item", "radius": 100, "mass": 1, "color": "#00ff00", "position": {"x": -103.6836411941702, "y": -218.88768696547157, "z": 6322.534285673971}, "velocity": {"x": 0, "y": 0, "z": 0}, "angularVelocity": {"x": 0, "y": 0, "z": 0}, "id": "1727424630832199361", "parent": "66c7c82a8ce9ef0fd008a23e", "attached": true}, "18": {"name": "Item", "radius": 100, "mass": 1, "color": "#00ff00", "position": {"x": 2894.2869597395215, "y": -448.0695293320607, "z": 5622.559112063952}, "velocity": {"x": 0, "y": 0, "z": 0}, "angularVelocity": {"x": 0, "y": 0, "z": 0}, "id": "1727424631280907937", "parent": "66c7c82a8ce9ef0fd008a23e", "attached": true}, "19": {"name": "Item", "radius": 100, "mass": 1, "color": "#00ff00", "position": {"x": 526.5575640063281, "y": -3196.0819582709737, "z": 5461.643840439457}, "velocity": {"x": 0, "y": 0, "z": 0}, "angularVelocity": {"x": 0, "y": 0, "z": 0}, "id": "1727424631812557037", "parent": "66c7c82a8ce9ef0fd008a23e", "attached": true}, "20": {"name": "Item", "radius": 100, "mass": 1, "color": "#00ff00", "position": {"x": 1106.4289304367244, "y": 873.4965240289929, "z": 6172.686119366885}, "velocity": {"x": 0, "y": 0, "z": 0}, "angularVelocity": {"x": 0, "y": 0, "z": 0}, "id": "1727424633089032057", "parent": "66c7c82a8ce9ef0fd008a23e", "attached": true}, "21": {"name": "Item", "radius": 100, "mass": 1, "color": "#00ff00", "position": {"x": -3592.2555440556735, "y": 2625.6122340188726, "z": 4491.405752930182}, "velocity": {"x": 0, "y": 0, "z": 0}, "angularVelocity": {"x": 0, "y": 0, "z": 0}, "id": "1727424641748385995", "parent": "66c7c82a8ce9ef0fd008a23e", "attached": true}, "22": {"name": "Item", "radius": 100, "mass": 1, "color": "#00ff00", "position": {"x": -3756.0813925065554, "y": -665.7936916483197, "z": 5085.739992788025}, "velocity": {"x": 0, "y": 0, "z": 0}, "angularVelocity": {"x": 0, "y": 0, "z": 0}, "id": "1727424641827315714", "parent": "66c7c82a8ce9ef0fd008a23e", "attached": true}, "23": {"name": "Item", "radius": 100, "mass": 1, "color": "#00ff00", "position": {"x": -1877.0245300734273, "y": -2662.1851178165603, "z": 5434.801048003836}, "velocity": {"x": 0, "y": 0, "z": 0}, "angularVelocity": {"x": 0, "y": 0, "z": 0}, "id": "1727424642195030688", "parent": "66c7c82a8ce9ef0fd008a23e", "attached": true}, "24": {"name": "Item", "radius": 100, "mass": 1, "color": "#00ff00", "position": {"x": -1512.9878924960822, "y": -3725.255903372704, "z": 4905.233650550808}, "velocity": {"x": 0, "y": 0, "z": 0}, "angularVelocity": {"x": 0, "y": 0, "z": 0}, "id": "1727424642762247853", "parent": "66c7c82a8ce9ef0fd008a23e", "attached": true}, "25": {"name": "Item", "radius": 100, "mass": 1, "color": "#00ff00", "position": {"x": -59.42241153513146, "y": -2365.0119790981994, "z": 5890.287255227817}, "velocity": {"x": 0, "y": 0, "z": 0}, "angularVelocity": {"x": 0, "y": 0, "z": 0}, "id": "1727424643240464165", "parent": "66c7c82a8ce9ef0fd008a23e", "attached": true}, "26": {"name": "Item", "radius": 100, "mass": 1, "color": "#00ff00", "position": {"x": 4180.636503138738, "y": -1938.654782212599, "z": 4342.549412673127}, "velocity": {"x": 0, "y": 0, "z": 0}, "angularVelocity": {"x": 0, "y": 0, "z": 0}, "id": "1727424643891466232", "parent": "66c7c82a8ce9ef0fd008a23e", "attached": true}, "27": {"name": "Item", "radius": 100, "mass": 1, "color": "#00ff00", "position": {"x": 4173.380117628376, "y": 423.75859655918913, "z": 4754.471454526796}, "velocity": {"x": 0, "y": 0, "z": 0}, "angularVelocity": {"x": 0, "y": 0, "z": 0}, "id": "1727424644206939429", "parent": "66c7c82a8ce9ef0fd008a23e", "attached": true}, "28": {"name": "Item", "radius": 100, "mass": 1, "color": "#00ff00", "position": {"x": 2864.4829989701843, "y": 1610.5033170175725, "z": 5404.1889782712105}, "velocity": {"x": 0, "y": 0, "z": 0}, "angularVelocity": {"x": 0, "y": 0, "z": 0}, "id": "1727424644869938294", "parent": "66c7c82a8ce9ef0fd008a23e", "attached": true}, "29": {"name": "Item", "radius": 100, "mass": 1, "color": "#00ff00", "position": {"x": 2234.959641241684, "y": 2580.699254251445, "z": 5340.167304996649}, "velocity": {"x": 0, "y": 0, "z": 0}, "angularVelocity": {"x": 0, "y": 0, "z": 0}, "id": "1727424645329328728", "parent": "66c7c82a8ce9ef0fd008a23e", "attached": true}, "30": {"name": "Item", "radius": 100, "mass": 1, "color": "#00ff00", "position": {"x": 1000.5505230842457, "y": 1659.7367500573966, "z": 6024.800979336996}, "velocity": {"x": 0, "y": 0, "z": 0}, "angularVelocity": {"x": 0, "y": 0, "z": 0}, "id": "1727424645780039298", "parent": "66c7c82a8ce9ef0fd008a23e", "attached": true}, "31": {"name": "Item", "radius": 100, "mass": 1, "color": "#00ff00", "position": {"x": -1087.8495203083112, "y": 2994.6419379273752, "z": 5488.352459640947}, "velocity": {"x": 0, "y": 0, "z": 0}, "angularVelocity": {"x": 0, "y": 0, "z": 0}, "id": "1727424646645865341", "parent": "66c7c82a8ce9ef0fd008a23e", "attached": true}, "32": {"name": "Item", "radius": 100, "mass": 1, "color": "#00ff00", "position": {"x": -1778.593732534663, "y": -789.1773515220036, "z": 6015.7971822842155}, "velocity": {"x": 0, "y": 0, "z": 0}, "angularVelocity": {"x": 0, "y": 0, "z": 0}, "id": "1727424648220029433", "parent": "66c7c82a8ce9ef0fd008a23e", "attached": true}, "33": {"name": "Item", "radius": 100, "mass": 1, "color": "#00ff00", "position": {"x": 455.90346060464185, "y": -1531.3680343386645, "z": 6121.3831739785355}, "velocity": {"x": 0, "y": 0, "z": 0},